job_title,skills,degree_required
Cloud DevOps Engineer,"UI/UX Design, Figma, Adobe XD, Frontend Development",MSc in AI
E-commerce Manager,"TensorFlow, NLP, PyTorch, AI Research",MBA
Environmental Data Analyst,"Power BI, Tableau, Data Visualization",MBA
Quantum Information Scientist,"SEO, Content Writing, Digital Marketing",BSc in CS
Medical AI Researcher,"Retail Analytics, Market Research, SQL",BBA
Cloud Engineer,"AI-Powered Marketing, Creative AI, Branding AI",MBA
Data Governance Specialist,"Quantum Computing, Cryptography, AI in Security",MBA
Remote Sensing Specialist,"C++, Embedded Systems, Robotics",PhD in Data Science
Software Engineer,"Biotech, Genomics, Bioinformatics",MTech
Legal Tech Consultant,"AI-Powered Marketing, Creative AI, Branding AI",PhD in Data Science
IT Risk Manager,"Speech Recognition, AI Ethics, Chatbot Development",PhD in Data Science
AI Trainer,"Quantum Computing, Cryptography, AI in Security",MTech
Financial Risk Analyst,"AWS, Azure, Cloud Computing, DevOps",BTech
Risk Management Consultant,"Power BI, Tableau, Data Visualization",MBA
AI Speech Recognition Engineer,"Retail Analytics, Market Research, SQL",MTech
Astrophysics Data Scientist,"Quantum Computing, Cryptography, AI in Security",MBA
Game Developer,"AR/VR Development, Unity, Unreal Engine",BSc in CS
Quantitative Developer,"AI-Powered Marketing, Creative AI, Branding AI",MSc in AI
Data Scientist,"Physics, Astronomy, Astrophysics Research",MTech
Tech Recruiter,"Biotech, Genomics, Bioinformatics",MSc in AI
Machine Learning Engineer,"Deep Learning, Cognitive Computing, AI Governance",MBA
Digital Marketing Manager,"Biotech, Genomics, Bioinformatics",BSc in CS
SaaS Developer,"AWS, Azure, Cloud Computing, DevOps",PhD in Data Science
AR/VR Developer,"Speech Recognition, AI Ethics, Chatbot Development",MBA
UX/UI Designer,"Physics, Astronomy, Astrophysics Research",PhD in Data Science
Software Engineer,"Java, JavaScript, React.js, Node.js",BBA
Edge AI Developer,"Penetration Testing, Cybersecurity, Ethical Hacking",PhD in Data Science
Financial Analyst,"Java, JavaScript, React.js, Node.js",PhD in Data Science
AI Policy Advisor,"Python, Machine Learning, SQL, Deep Learning",BTech
Drone AI Engineer,"AWS, Azure, Cloud Computing, DevOps",MBA
Healthcare Data Scientist,"Big Data, Spark, Hadoop, Data Engineering",MBA
AdTech Engineer,"Big Data, Spark, Hadoop, Data Engineering",BBA
Quantitative Developer,"Biotech, Genomics, Bioinformatics",MSc in AI
Cloud Security Engineer,"Quantum Computing, Cryptography, AI in Security",MSc in AI
Healthcare Data Scientist,"AR/VR Development, Unity, Unreal Engine",MTech
No-Code Developer,"Blockchain, Smart Contracts, Solidity",BTech
Cloud Security Engineer,"Deep Learning, Cognitive Computing, AI Governance",PhD in Data Science
Customer Experience Analyst,"Biotech, Genomics, Bioinformatics",BTech
Financial Analyst,"SEO, Content Writing, Digital Marketing",MSc in AI
Financial Analyst,"Risk Analysis, Financial Modeling, Python",MBA
Environmental Data Analyst,"Physics, Astronomy, Astrophysics Research",MTech
Quantitative Developer,"SaaS Development, Web App Development",MBA
Data Governance Specialist,"Speech Recognition, AI Ethics, Chatbot Development",MBA
Quantum Information Scientist,"Kubernetes, Docker, CI/CD, Automation",BBA
AI Researcher,"SEO, Content Writing, Digital Marketing",BBA
Wearable Tech Developer,"Deep Learning, Cognitive Computing, AI Governance",BBA
Smart Agriculture Engineer,"AI-Powered Marketing, Creative AI, Branding AI",BBA
Software Engineer,"Python, Machine Learning, SQL, Deep Learning",BSc in CS
BioRobotics Engineer,"Speech Recognition, AI Ethics, Chatbot Development",MSc in AI
Smart Agriculture Engineer,"Big Data, Spark, Hadoop, Data Engineering",MSc in AI
Medical AI Researcher,"Retail Analytics, Market Research, SQL",MTech
Data Analyst,"Deep Learning, Cognitive Computing, AI Governance",MBA
AI Researcher,"Python, Machine Learning, SQL, Deep Learning",Diploma in IT
AI-Powered Marketing Strategist,"AI-Powered Marketing, Creative AI, Branding AI",BSc in CS
AI Policy Advisor,"Retail Analytics, Market Research, SQL",MSc in AI
AI Policy Advisor,"Penetration Testing, Cybersecurity, Ethical Hacking",MBA
SEO Specialist,"Power BI, Tableau, Data Visualization",BTech
Legal Research Analyst,"Retail Analytics, Market Research, SQL",PhD in Data Science
Risk Management Consultant,"Kubernetes, Docker, CI/CD, Automation",MSc in AI
IT Risk Manager,"Penetration Testing, Cybersecurity, Ethical Hacking",PhD in Data Science
Medical AI Researcher,"C++, Embedded Systems, Robotics",MBA
Data Governance Specialist,"Power BI, Tableau, Data Visualization",MTech
E-learning Developer,"AR/VR Development, Unity, Unreal Engine",MSc in AI
Voice AI Engineer,"AWS, Azure, Cloud Computing, DevOps",PhD in Data Science
NLP Engineer,"Quantum Computing, Cryptography, AI in Security",BSc in CS
Business Analyst,"Kubernetes, Docker, CI/CD, Automation",BBA
Embedded Systems Engineer,"Risk Analysis, Financial Modeling, Python",MBA
IT Auditor,"Penetration Testing, Cybersecurity, Ethical Hacking",MBA
Content Marketing Strategist,"UI/UX Design, Figma, Adobe XD, Frontend Development",MBA
Sustainable Energy Data Scientist,"SaaS Development, Web App Development",MTech
NLP Engineer,"Kubernetes, Docker, CI/CD, Automation",BSc in CS
Data Engineer,"Python, Machine Learning, SQL, Deep Learning",BBA
3D Animator,"Kubernetes, Docker, CI/CD, Automation",PhD in Data Science
Cybersecurity Consultant,"Power BI, Tableau, Data Visualization",MBA
Quantum Computing Researcher,"Java, JavaScript, React.js, Node.js",BBA
BI Developer,"SaaS Development, Web App Development",MSc in AI
Wearable Tech Developer,"Python, Machine Learning, SQL, Deep Learning",PhD in Data Science
Blockchain Developer,"AI-Powered Marketing, Creative AI, Branding AI",MSc in AI
3D Animator,"UI/UX Design, Figma, Adobe XD, Frontend Development",BTech
Industrial IoT Engineer,"AI-Powered Marketing, Creative AI, Branding AI",BSc in CS
AI Governance Specialist,"UI/UX Design, Figma, Adobe XD, Frontend Development",BBA
Cybersecurity Consultant,"Big Data, Spark, Hadoop, Data Engineering",BTech
AI-Powered Healthcare Developer,"TensorFlow, NLP, PyTorch, AI Research",BTech
Game Developer,"Biotech, Genomics, Bioinformatics",MSc in AI
Environmental Data Analyst,"C++, Embedded Systems, Robotics",BTech
HR Tech Specialist,"Blockchain, Smart Contracts, Solidity",Diploma in IT
Smart Grid Analyst,"Deep Learning, Cognitive Computing, AI Governance",BSc in CS
Astrophysics Data Scientist,"Blockchain, Smart Contracts, Solidity",MBA
Autonomous Vehicle Engineer,"Python, Machine Learning, SQL, Deep Learning",BBA
Quantum Computing Researcher,"Speech Recognition, AI Ethics, Chatbot Development",Diploma in IT
Big Data Engineer,"Kubernetes, Docker, CI/CD, Automation",MSc in AI
Legal NLP Researcher,"Speech Recognition, AI Ethics, Chatbot Development",PhD in Data Science
IoT Developer,"AR/VR Development, Unity, Unreal Engine",BSc in CS
Solutions Engineer,"AR/VR Development, Unity, Unreal Engine",BSc in CS
HR Tech Specialist,"Big Data, Spark, Hadoop, Data Engineering",Diploma in IT
AdTech Engineer,"AI-Powered Marketing, Creative AI, Branding AI",BTech
AI Product Manager,"Risk Analysis, Financial Modeling, Python",BBA
Data Governance Specialist,"Biotech, Genomics, Bioinformatics",MSc in AI
Computer Vision Engineer,"SEO, Content Writing, Digital Marketing",Diploma in IT
Systems Administrator,"AR/VR Development, Unity, Unreal Engine",MBA
AdTech Engineer,"Penetration Testing, Cybersecurity, Ethical Hacking",BBA
Robotics Engineer,"AR/VR Development, Unity, Unreal Engine",MTech
Retail Data Scientist,"Quantum Computing, Cryptography, AI in Security",BSc in CS
Algorithmic Trader,"Kubernetes, Docker, CI/CD, Automation",PhD in Data Science
Software Quality Assurance Engineer,"Speech Recognition, AI Ethics, Chatbot Development",MBA
Operations Manager,"Power BI, Tableau, Data Visualization",MTech
Algorithmic Trader,"Penetration Testing, Cybersecurity, Ethical Hacking",MSc in AI
Network Engineer,"Big Data, Spark, Hadoop, Data Engineering",MSc in AI
Industrial IoT Engineer,"Physics, Astronomy, Astrophysics Research",Diploma in IT
Big Data Engineer,"Retail Analytics, Market Research, SQL",BBA
Legal AI Developer,"E-learning, Personalized Learning AI",BTech
Project Manager,"Deep Learning, Cognitive Computing, AI Governance",BBA
Scientific Researcher,"Penetration Testing, Cybersecurity, Ethical Hacking",Diploma in IT
Content Marketing Strategist,"Deep Learning, Cognitive Computing, AI Governance",PhD in Data Science
Operations Manager,"SaaS Development, Web App Development",MTech
Fashion AI Consultant,"Physics, Astronomy, Astrophysics Research",MTech
Penetration Tester,"C++, Embedded Systems, Robotics",MBA
Motion Graphics Designer,"Quantum Computing, Cryptography, AI in Security",Diploma in IT
Data Analyst,"Penetration Testing, Cybersecurity, Ethical Hacking",BSc in CS
Full Stack Developer,"SaaS Development, Web App Development",BBA
AI Governance Specialist,"Power BI, Tableau, Data Visualization",MTech
IT Auditor,"Kubernetes, Docker, CI/CD, Automation",MTech
Cloud Security Engineer,"Kubernetes, Docker, CI/CD, Automation",BTech
AI-Powered Recruitment Specialist,"AI-Powered Marketing, Creative AI, Branding AI",MBA
Technical Writer,"Speech Recognition, AI Ethics, Chatbot Development",Diploma in IT
NLP Engineer,"UI/UX Design, Figma, Adobe XD, Frontend Development",BBA
Sustainable Energy Data Scientist,"AI-Powered Marketing, Creative AI, Branding AI",BSc in CS
Full Stack Developer,"AI-Powered Marketing, Creative AI, Branding AI",PhD in Data Science
E-commerce Manager,"SaaS Development, Web App Development",BBA
AI Product Manager,"Kubernetes, Docker, CI/CD, Automation",MBA
AI Researcher,"Kubernetes, Docker, CI/CD, Automation",MSc in AI
VR Simulation Developer,"E-learning, Personalized Learning AI",MTech
HR Manager,"SaaS Development, Web App Development",BBA
Legal AI Developer,"AWS, Azure, Cloud Computing, DevOps",BBA
Bioinformatics Scientist,"Java, JavaScript, React.js, Node.js",BBA
IoT Developer,"Python, Machine Learning, SQL, Deep Learning",MTech
Frontend Developer,"Speech Recognition, AI Ethics, Chatbot Development",PhD in Data Science
MLOps Engineer,"Python, Machine Learning, SQL, Deep Learning",BTech
AI Chatbot Developer,"SEO, Content Writing, Digital Marketing",BBA
Remote Sensing Specialist,"AR/VR Development, Unity, Unreal Engine",PhD in Data Science
Database Administrator,"Big Data, Spark, Hadoop, Data Engineering",MTech
Quantitative Analyst,"Blockchain, Smart Contracts, Solidity",MTech
Cloud Security Engineer,"Deep Learning, Cognitive Computing, AI Governance",BSc in CS
Machine Learning Engineer,"Retail Analytics, Market Research, SQL",MTech
Software Architect,"Java, JavaScript, React.js, Node.js",Diploma in IT
Bioinformatics Scientist,"Retail Analytics, Market Research, SQL",Diploma in IT
Big Data Engineer,"Retail Analytics, Market Research, SQL",BSc in CS
Data Engineer,"Physics, Astronomy, Astrophysics Research",MTech
AI-Driven UX Designer,"AR/VR Development, Unity, Unreal Engine",MBA
Customer Experience Analyst,"C++, Embedded Systems, Robotics",BSc in CS
